"","Total Prob.","In-Sample Prob.","Biased R^2","Filtered Sample Size"
"1",0.764878497674016,0.804269027105227,0.604184765987272,13942
"2",0.786947338517305,0.849657385672683,0.687893882537936,13578
