"Segment","ASC_MI","ASC_OC","ASC_RY","ASC_SC","ASC_SG","ASC_YK","B_DIST","Accuracy","MacroPre","MacroRec","MacroF1","Matthews","AvePrObs"
"All",1.87110151626258,1.25122043852624,2.30956424708496,2.23982728120998,5.32740316139414,3.65209544210148,-0.0949935079300979,0.119768076398363,0.137008483406005,0.136788052261177,0.0948788797567724,0.0167657857866391,0.381097652602314,0.19178689863667
"0",,,,,,,,,,,,,,
"1",,,,,,,,,,,,,,
"2",,,,,,,,,,,,,,
"3",,,,,,,,,,,,,,
"4",,,,,,,,,,,,,,
"5",,,,,,,,,,,,,,
"6",,,,,,,,,,,,,,
